no_loss_km2,loss_1315_km2,loss_1618_km2,area_forest_km2
744640.454482405,4686.56810650696,10403.7182830957,759730.740872008
