area_forest_km2,no_loss_km2,loss_1315_km2,loss_1618_km2
835513.111001382,819615.506009057,4938.11187888908,10959.4931134358
